timesteps,success_rate,collision_rate
50000,0.0,0.5109489051094891
100000,0.005,0.25
150000,0.03,0.05
200000,0.11,0.04
250000,0.225,0.035
300000,0.365,0.05
350000,0.48,0.06
400000,0.675,0.065
450000,0.75,0.115
500000,0.76,0.125
550000,0.79,0.11
600000,0.905,0.06
650000,0.925,0.065
700000,0.885,0.11
750000,0.88,0.115
800000,0.89,0.11
850000,0.875,0.125
900000,0.89,0.11
950000,0.955,0.045
1000000,0.905,0.09
1050000,0.875,0.125
1100000,0.915,0.085
1150000,0.915,0.085
1200000,0.895,0.105
1250000,0.915,0.085
1300000,0.925,0.075
1350000,0.95,0.05
1400000,0.925,0.075
1450000,0.925,0.075
1500000,0.965,0.035
1550000,0.955,0.045
1600000,0.955,0.045
1650000,0.915,0.085
1700000,0.93,0.07
1750000,0.95,0.05
1800000,0.915,0.085
1850000,0.95,0.05
1900000,0.915,0.085
1950000,0.91,0.09
2000000,0.915,0.085
2050000,0.93,0.07
2100000,0.925,0.075
2150000,0.945,0.055
2200000,0.925,0.075
2250000,0.93,0.07
2300000,0.945,0.055
2350000,0.91,0.09
2400000,0.925,0.075
2450000,0.93,0.07
2500000,0.94,0.06
2550000,0.975,0.025
2600000,0.965,0.035
2650000,0.93,0.07
2700000,0.96,0.04
2750000,0.935,0.065
2800000,0.97,0.03
2850000,0.935,0.065
2900000,0.925,0.075
2950000,0.94,0.06
3000000,0.95,0.05
3050000,0.955,0.045
3100000,0.945,0.055
3150000,0.945,0.055
3200000,0.95,0.05
3250000,0.945,0.055
3300000,0.925,0.075
3350000,0.92,0.085
3400000,0.92,0.08
3450000,0.95,0.05
3500000,0.95,0.05
3550000,0.94,0.06
3600000,0.965,0.035
3650000,0.955,0.045
3700000,0.925,0.075
3750000,0.955,0.045
3800000,0.96,0.04
3850000,0.965,0.035
3900000,0.965,0.035
3950000,0.95,0.05
4000000,0.955,0.045
4050000,0.955,0.045
4100000,0.925,0.075
4150000,0.94,0.06
4200000,0.95,0.05
4250000,0.965,0.035
4300000,0.94,0.06
4350000,0.975,0.025
4400000,0.945,0.055
4450000,0.96,0.04
4500000,0.955,0.045
4550000,0.98,0.02
4600000,0.925,0.075
4650000,0.98,0.02
4700000,0.935,0.065
4750000,0.915,0.085
4800000,0.965,0.035
4850000,0.935,0.065
4900000,0.97,0.03
4950000,0.925,0.07
5000000,0.97,0.03
